collection,nda_structure
C-2846 (HCP-D),asr01
C-2846 (HCP-D),bisbas01
C-2846 (HCP-D),bsc01
C-2846 (HCP-D),cbcl01
C-2846 (HCP-D),cbcl1_501
C-2846 (HCP-D),cbq01
C-2846 (HCP-D),cogcomp01
C-2846 (HCP-D),dccs01
C-2846 (HCP-D),deldisk01
C-2846 (HCP-D),eatq01
C-2846 (HCP-D),edinburgh_hand01
C-2846 (HCP-D),er4001
C-2846 (HCP-D),fenvs01
C-2846 (HCP-D),flanker01
C-2846 (HCP-D),gbi01
C-2846 (HCP-D),leap01
C-2846 (HCP-D),lswmt01
C-2846 (HCP-D),mab01
C-2846 (HCP-D),mctq01
C-2846 (HCP-D),medh01
C-2846 (HCP-D),mendt01
C-2846 (HCP-D),mmse01
C-2846 (HCP-D),ndar_subject01
C-2846 (HCP-D),nffi01
C-2846 (HCP-D),orrt01
C-2846 (HCP-D),pcps01
C-2846 (HCP-D),pds01
C-2846 (HCP-D),phenx_su01
C-2846 (HCP-D),prang01
C-2846 (HCP-D),preda01
C-2846 (HCP-D),predd01
C-2846 (HCP-D),promisgl01
C-2846 (HCP-D),prsi01
C-2846 (HCP-D),psm01
C-2846 (HCP-D),psqi01
C-2846 (HCP-D),pss01
C-2846 (HCP-D),saiq01
C-2846 (HCP-D),scan_debrief01
C-2846 (HCP-D),screentime01
C-2846 (HCP-D),sdq01
C-2846 (HCP-D),self_effic01
C-2846 (HCP-D),sleepdis01
C-2846 (HCP-D),socdem01
C-2846 (HCP-D),srs02
C-2846 (HCP-D),tlbx_empbeh01
C-2846 (HCP-D),tlbx_emsup01
C-2846 (HCP-D),tlbx_fearanx01
C-2846 (HCP-D),tlbx_friend01
C-2846 (HCP-D),tlbx_motor01
C-2846 (HCP-D),tlbx_perhost01
C-2846 (HCP-D),tlbx_rej01
C-2846 (HCP-D),tlbx_sadness01
C-2846 (HCP-D),tlbx_sensation01
C-2846 (HCP-D),tlbx_socwit01
C-2846 (HCP-D),tlbx_wellbeing01
C-2846 (HCP-D),tpvt01
C-2846 (HCP-D),upps01
C-2846 (HCP-D),vision_tests01
C-2846 (HCP-D),vitals01
C-2846 (HCP-D),wais_iv_part101
C-2846 (HCP-D),wisc_v01
C-2846 (HCP-D),wppsiiv01
C-2846 (HCP-D),ysr01
C-2847 (HCP-A),asr01
C-2847 (HCP-A),batbil01
C-2847 (HCP-A),bsc01
C-2847 (HCP-A),cogcomp01
C-2847 (HCP-A),dccs01
C-2847 (HCP-A),deldisk01
C-2847 (HCP-A),edinburgh_hand01
C-2847 (HCP-A),er4001
C-2847 (HCP-A),facename01
C-2847 (HCP-A),flanker01
C-2847 (HCP-A),gales01
C-2847 (HCP-A),ipaq01
C-2847 (HCP-A),lbadl01
C-2847 (HCP-A),leap01
C-2847 (HCP-A),lswmt01
C-2847 (HCP-A),mchq01
C-2847 (HCP-A),medh01
C-2847 (HCP-A),mendt01
C-2847 (HCP-A),moca01
C-2847 (HCP-A),ndar_subject01
C-2847 (HCP-A),nffi01
C-2847 (HCP-A),orrt01
C-2847 (HCP-A),pcps01
C-2847 (HCP-A),prang01
C-2847 (HCP-A),preda01
C-2847 (HCP-A),predd01
C-2847 (HCP-A),promisgl01
C-2847 (HCP-A),prsi01
C-2847 (HCP-A),psm01
C-2847 (HCP-A),psqi01
C-2847 (HCP-A),pss01
C-2847 (HCP-A),ravlt01
C-2847 (HCP-A),scan_debrief01
C-2847 (HCP-A),self_effic01
C-2847 (HCP-A),ssaga_cover_demo01
C-2847 (HCP-A),tlbx_emsup01
C-2847 (HCP-A),tlbx_friend01
C-2847 (HCP-A),tlbx_motor01
C-2847 (HCP-A),tlbx_perhost01
C-2847 (HCP-A),tlbx_rej01
C-2847 (HCP-A),tlbx_sensation01
C-2847 (HCP-A),tlbx_wellbeing01
C-2847 (HCP-A),tpvt01
C-2847 (HCP-A),trail_ca01
C-2847 (HCP-A),vitals01
